source,id,name,d,n,candidates,lp,wall_s,cpu_s,cores,orderable,n_preorders,n_equivalences,raw_hits,status
"HARV","BIOMD0000000138","Tabak2007_dopamine",1,1,3,6,0.043,0.043,1,1,1,0,3,"ok"
"MM","BIOMD0000000119","Golomb2006_SomaticBursting_nonzero[Ca]",1,1,3,6,0.001,0.001,1,1,1,0,3,"ok"
"HARV","BIOMD0000001026","Kurlovics2021 - Metformin partitioning between plasma and RBC with independent Kin and Kout coefficients",1,2,3,6,0.001,0.001,1,1,1,0,3,"ok"
"HARV","BIOMD0000001040","Kurlovics2021 - Metformin partitioning from plasma to RBC,  single coefficient",1,2,3,6,0,0.001,1,1,1,0,3,"ok"
"MM","BIOMD0000000309","Tyson2003_NegFB_Homeostasis",1,2,3,6,0.001,0.001,1,1,1,0,3,"ok"
"HILL","BIOMD0000000417","Ratushny2012_NF",1,2,3,6,0.001,0.001,1,1,1,0,3,"ok"
"HILL","BIOMD0000000418","Ratushny2012_SPF",1,2,3,6,0,0,1,1,1,0,3,"ok"
"MM","BIOMD0000000311","Tyson2003_Mutual_Activation",1,3,3,6,0.001,0.001,1,1,1,0,3,"ok"
"MM","BIOMD0000000414","Band2012_DII-Venus_ReducedModel",1,3,3,6,0.001,0.001,1,1,1,0,3,"ok"
"HARV","BIOMD0000000617","Walsh2014 - Inhibition kinetics of DAPT on APP Cleavage",1,4,3,6,0.001,0.001,1,1,1,0,3,"ok"
"HARV","BIOMD0000001079","DeBoeck2021 - Modular approach to modeling the cell cycle, simple cell cycle model",1,4,3,6,0.001,0.001,1,1,1,0,3,"ok"
"MM","BIOMD0000000076","Cronwright2002_Glycerol_Synthesis",1,4,3,6,0,0.001,1,1,1,0,3,"ok"
"MM","BIOMD0000000310","Tyson2003_Mutual_Inhibition",1,4,3,6,0.001,0.001,1,1,1,0,3,"ok"
"MM","BIOMD0000000425","Tan2012 - Antibiotic Treatment, Inoculum Effect",1,4,3,6,0.001,0,1,1,1,0,3,"ok"
"HILL","BIOMD0000000068","Curien2003_MetThr_synthesis",1,6,3,6,0,0.001,1,1,1,0,3,"ok"
"HARV","BIOMD0000000124","Wu2006_K+Channel",2,2,10,30,0.004,0.005,1,1,6,2,10,"ok"
"MM","BIOMD0000000047","Oxhamre2005_Ca_oscillation",2,3,10,20,0.003,0.003,1,1,1,0,3,"ok"
"MM","BIOMD0000000307","Tyson2003_Substrate_Depletion_Osc",2,3,10,30,0.004,0.004,1,1,3,1,6,"ok"
"HILL","BIOMD0000000225","Westermark2003_Pancreatic_GlycOsc_basic",2,3,10,30,0.004,0.004,1,1,3,1,6,"ok"
"HILL","BIOMD0000000601","Rosas2015 - Caffeine-induced luminal SR calcium changes",2,3,10,25,0.004,0.004,1,1,1,0,3,"ok"
"HARV","BIOMD0000000385","Arnold2011_Schultz2003_RuBisCO-CalvinCycle",2,4,10,30,0.004,0.005,1,1,1,1,4,"ok"
"HARV","BIOMD0000000386","Arnold2011_Sharkey2007_RuBisCO-CalvinCycle",2,4,10,30,0.005,0.005,1,1,1,1,4,"ok"
"HARV","BIOMD0000000387","Arnold2011_Damour2007_RuBisCO-CalvinCycle",2,4,10,30,0.004,0.006,1,1,1,1,4,"ok"
"HARV","BIOMD0000000787","Frascoli2014 - A dynamical model of tumour immunotherapy",2,4,10,30,0.004,0.005,1,0,0,0,2,"ok"
"HARV","BIOMD0000000825","Greene2019 - Differentiate Spontaneous and Induced Evolution to Drug Resistance During Cancer Treatment",2,4,10,30,0.004,0.004,1,1,1,0,3,"ok"
"HARV","BIOMD0000001078","Hammaren-Geissen2022_PPToP_Model12",2,4,10,30,0.006,0.006,1,1,1,0,3,"ok"
"HILL","BIOMD0000000024","Scheper1999_CircClock",2,4,10,30,0.004,0.005,1,1,1,0,3,"ok"
"HILL","BIOMD0000000155","Zatorsky2006_p53_Model6",2,4,10,30,0.004,0.005,1,0,0,0,2,"ok"
"HILL","BIOMD0000000420","Ratushny2012_ASSURE_I",2,4,10,30,0.005,0.005,1,1,6,2,10,"ok"
"HILL","BIOMD0000000421","Ratushny2012_ASSURE_II",2,4,10,30,0.005,0.006,1,1,6,2,10,"ok"
"HARV","BIOMD0000001057","Nikolov2020 - p53-miR34 model",2,5,10,30,0.006,0.006,1,1,1,0,3,"ok"
"MM","BIOMD0000000191","Montañez2008_Arginine_catabolism",2,5,10,30,0.004,0.004,1,0,0,0,2,"ok"
"HARV","BIOMD0000000973","Dasgupta2020 - Reduced model of receptor clusturing and aggregation",2,6,10,30,0.005,0.005,1,0,0,0,2,"ok"
"MM","BIOMD0000000306","Tyson2003_Activator_Inhibitor",2,6,10,30,0.004,0.004,1,0,0,0,2,"ok"
"MM","BIOMD0000000458","Smallbone2013 - Serine biosynthesis",2,6,10,30,0.004,0.005,1,0,0,0,2,"ok"
"HILL","BIOMD0000000098","Goldbeter1990_CalciumSpike_CICR",2,6,10,25,0.004,0.005,1,1,1,0,3,"ok"
"HILL","BIOMD0000000117","Dupont1991_CaOscillation",2,6,10,25,0.004,0.004,1,1,1,0,3,"ok"
"HARV","BIOMD0000001060","Frank2021 - Macrophage polarization",2,7,10,30,0.005,0.005,1,1,6,2,10,"ok"
"HARV","BIOMD0000000316","Shen-Orr2002_FeedForward_AND_gate",2,8,10,30,0.004,0.004,1,1,2,1,5,"ok"
"HARV","BIOMD0000001080","DeBoeck2021 - Modular approach to modeling the cell cycle, 5 ODE model with 3 bistable switches",2,8,10,30,0.004,0.004,1,1,6,2,10,"ok"
"HARV","BIOMD0000000749","Reppas2015 - tumor control via alternating immunostimulating and immunosuppressive phases",2,9,10,30,0.005,0.004,1,1,2,1,5,"ok"
"HARV","BIOMD0000000956","Bertozzi2020 - SIR model of scenarios of COVID-19 spread in CA and NY",3,2,36,99,0.019,0.019,1,1,4,1,7,"ok"
"HARV","BIOMD0000000963","Weitz2020 - SIR model of COVID-19 transmission with shielding",3,2,36,99,0.018,0.017,1,1,1,0,3,"ok"
"HARV","BIOMD0000001045","Smith&Moore2004 - The SIR model for the spread of HongKong Flu",3,2,36,99,0.018,0.018,1,1,4,1,7,"ok"
"HARV","BIOMD0000000917","Phillips2007_AscendingArousalSystem_SleepWakeDynamics",3,3,36,144,0.027,0.028,1,1,28,6,36,"ok"
"MM","BIOMD0000000128","Bertram2006_Endothelin",3,3,36,144,0.027,0.027,1,1,28,6,36,"ok"
"MM","BIOMD0000000025","Smolen2002_CircClock",3,4,36,108,0.02,0.02,1,1,6,2,10,"ok"
"MM","BIOMD0000000027","Markevich2004 - MAPK double phosphorylation,  ordered Michaelis-Menton",3,4,36,99,0.019,0.019,1,0,0,0,2,"ok"
"MM","BIOMD0000000031","Markevich2004_MAPK_orderedMM2kinases",3,4,36,99,0.02,0.021,1,0,0,0,2,"ok"
"HILL","BIOMD0000000253","Teusink1998_Glycolysis_TurboDesign",3,4,36,112,0.021,0.022,1,0,0,0,2,"ok"
"HILL","BIOMD0000000319","Decroly1982_Enzymatic_Oscillator",3,4,36,144,0.03,0.03,1,1,15,4,21,"ok"
"BM","BIOMD0000000866","Simon2019 - NIK-dependent p100 processing into p52, Michaelis-Menten, SBML 2v4",3,4,36,108,0.02,0.02,1,1,3,1,6,"ok"
"HARV","BIOMD0000000546","Miao2010 - Innate and adaptive immune responses to primary Influenza A Virus infection_1_1",3,5,36,144,0.025,0.026,1,0,0,0,2,"ok"
"HARV","BIOMD0000000789","Jenner2018 - treatment of oncolytic virus",3,5,36,144,0.026,0.025,1,0,0,0,2,"ok"
"HARV","BIOMD0000000814","Perez-Garcia19 - Computational design of improved standardized chemotherapy protocols for grade 2 oligodendrogliomas",3,5,36,144,0.025,0.025,1,1,1,1,4,"ok"
"HARV","BIOMD0000000860","Proctor2017- Role of microRNAs in osteoarthritis (Positive Feedforward Incoherent By MicroRNA)_1",3,5,36,108,0.021,0.02,1,1,3,1,6,"ok"
"HARV","BIOMD0000000927","Grigolon2018-Responses to auxin signals",3,5,36,144,0.026,0.026,1,1,6,2,10,"ok"
"HARV","BIOMD0000001056","Chulian2021 - feedback signalling in B lymphopoeisis",3,5,36,144,0.026,0.026,1,1,6,2,10,"ok"
"HARV","BIOMD0000000712","Manchanda2014 - Effect on Immune System by 4 different Influenza A virus strains",3,6,36,144,0.027,0.026,1,1,2,2,6,"ok"
"HARV","BIOMD0000000804","Koenders2015 - multiple myeloma",3,6,36,144,0.026,0.026,1,1,1,0,3,"ok"
"HARV","BIOMD0000000900","Bianca2013 - Persistence analysis in a Kolmogorov-type model for cancer-immune system competition",3,6,36,144,0.029,0.029,1,0,0,0,2,"ok"
"HARV","BIOMD0000000931","Voliotis2019-GnRH Pulse Generation",3,6,36,144,0.033,0.033,1,1,28,6,36,"ok"
"HARV","BIOMD0000001048","Siddhartha2002 - Kinetic modelling of cancer therapies",3,6,36,144,0.027,0.027,1,1,1,1,4,"ok"
"MM","BIOMD0000000308","Tyson2003_NegFB_Oscillator",3,6,36,144,0.027,0.026,1,0,0,0,2,"ok"
"MM","BIOMD0000000461","Liebal2012 - B.subtilis transcription inhibition model",3,6,36,108,0.021,0.02,1,0,0,0,2,"ok"
"HILL","BIOMD0000000419","Ratushny2012_SPF_I",3,6,36,144,0.028,0.028,1,1,28,6,36,"ok"
"HARV","BIOMD0000000158","Zatorsky2006_p53_Model2",3,7,36,144,0.026,0.026,1,0,0,0,2,"ok"
"HARV","BIOMD0000000845","Gulbudak2019.1 - Heterogeneous viral strategies promote coexistence in virus-microbe systems (Lytic)",3,7,36,144,0.025,0.026,1,0,0,0,2,"ok"
"HARV","BIOMD0000000846","Gulbudak2019.2 - Heterogeneous viral strategies promote coexistence in virus-microbe systems (Chronic)",3,7,36,144,0.025,0.026,1,0,0,0,2,"ok"
"HARV","BIOMD0000001007","Zhang2007 - Mechanism of DNA damage response (Model1)",3,7,36,144,0.026,0.026,1,1,1,0,3,"ok"
"HARV","BIOMD0000001043","Wodarz2001 - Viruses as antitumor weapons",3,7,36,144,0.025,0.026,1,0,0,0,2,"ok"
"MM","BIOMD0000000157","Zatorsky2006_p53_Model4",3,7,36,144,0.027,0.027,1,0,0,0,2,"ok"
"MM","BIOMD0000000258","Ortega2006 - bistability from double phosphorylation in signal transduction",3,7,36,99,0.022,0.022,1,0,0,0,2,"ok"
"MM","BIOMD0000000520","Smallbone2013 - Colon Crypt cycle - Version 0",3,7,36,144,0.028,0.028,1,1,6,2,10,"ok"
"HILL","BIOMD0000000236","Westermark2003_Pancreatic_GlycOsc_extended",3,7,36,135,0.024,0.025,1,0,0,0,2,"ok"
"HARV","BIOMD0000001019","Barros2021 - CARTmath, Mathematical Model of CAR-T Immunotherapy in HDLM-2 cell line",3,8,36,144,0.026,0.025,1,0,0,0,2,"ok"
"HARV","BIOMD0000001020","Barros2021 - CARTmath, Mathematical Model of CAR-T Immunotherapy in Raji Cell Line",3,8,36,144,0.026,0.026,1,0,0,0,2,"ok"
"MM","BIOMD0000000454","Smallbone2013 - Metabolic Control Analysis - Example 1",3,8,36,108,0.02,0.02,1,0,0,0,2,"ok"
"HARV","BIOMD0000000784","Lopez2014 - A Validated Mathematical Model of Tumor Growth Including Tumor-Host Interaction and Cell-Mediated Immune Response",3,9,36,144,0.026,0.026,1,1,2,1,5,"ok"
"MM","BIOMD0000000337","Pfeiffer2001_ATP-ProducingPathways_CooperationCompetition",3,10,36,144,0.026,0.026,1,0,0,0,2,"ok"
"MM","BIOMD0000000455","Smallbone2013 - Metabolic Control Analysis - Example 2",3,10,36,126,0.023,0.023,1,0,0,0,2,"ok"
"HARV","BIOMD0000000317","Shen-Orr2002_Single_Input_Module",3,12,36,144,0.029,0.028,1,1,28,6,36,"ok"
"HARV","BIOMD0000001052","Alharbi2020 - Tumor and immune system competition",3,14,36,144,0.093,0.052,1,0,0,0,2,"ok"
"HILL","BIOMD0000000166","Zhu2007_TF_modulated_by_Calcium",3,18,36,126,0.028,0.028,1,1,6,2,10,"ok"
"HARV","BIOMD0000000978","Mukandavire2020 - SEIR model of early COVID-19 transmission in South Africa",4,3,136,476,0.108,0.107,1,0,0,0,2,"ok"
"HARV","BIOMD0000000150","Morris2002_CellCycle_CDK2Cyclin",4,4,136,357,0.095,0.095,1,1,1,0,3,"ok"
"HARV","BIOMD0000000923","Liò2012_Modelling osteomyelitis_Control Model",4,4,136,680,0.16,0.16,1,1,6,2,10,"ok"
"HARV","BIOMD0000000976","Ghanbari2020 - forecasting the second wave of COVID-19 in Iran",4,5,136,578,0.131,0.131,1,1,1,1,4,"ok"
"HARV","BIOMD0000001032","Al-Tuwairqi2020 - Dynamics of cancer radiovirotherapy - Phase II treatment",4,7,136,663,0.148,0.148,1,1,1,1,4,"ok"
"MM","BIOMD0000000029","Markevich2004_MAPK_phosphoRandomMM",4,7,136,544,0.131,0.131,1,0,0,0,2,"ok"
"HARV","BIOMD0000000865","Nikolaev2019 - Immunobiochemical reconstruction of influenza lung infection-melanoma skin cancer interactions",4,8,136,680,0.153,0.153,1,1,3,1,6,"ok"
"HARV","BIOMD0000001047","Collier1996 - Delta Notch intercellular signalling and lateral inhibition",4,8,136,680,0.158,0.157,1,1,120,14,136,"ok"
"HILL","BIOMD0000000044","Borghans1997 - Calcium Oscillation - Model 2",4,8,136,510,0.116,0.116,1,0,0,0,2,"ok"
"HILL","BIOMD0000000045","Borghans1997 - Calcium Oscillation - Model 3",4,8,136,459,0.11,0.11,1,0,0,0,2,"ok"
"HILL","BIOMD0000000113","Dupont1992_Ca_dpt_protein_phospho",4,8,136,476,0.114,0.114,1,1,6,2,10,"ok"
"HILL","BIOMD0000000462","Proctor2012 - Role of Amyloid-beta dimers in aggregation formation",4,8,136,544,0.126,0.126,1,1,1,1,4,"ok"
"BM","BIOMD0000000869","Simon2019 - NIK-dependent p100 processing into p52 and IkBd degradation, Michaelis-Menten, SBML 2v4",4,8,136,544,0.122,0.123,1,1,1,1,4,"ok"
"HARV","BIOMD0000000809","Malinzi2018 - tumour-immune interaction model",4,9,136,680,0.162,0.162,1,1,6,3,11,"ok"
"HARV","BIOMD0000000965","LeBeau1999 - IP3-dependent intracellular calcium oscillations due to agonist stimulation from Cholecytokinin",4,9,136,680,0.155,0.154,1,1,21,5,28,"ok"
"HARV","BIOMD0000000967","McLean1991 - Behaviour of HIV in the presence of zidovudine",4,9,136,680,0.155,0.155,1,0,0,0,2,"ok"
"MM","BIOMD0000000517","Smallbone2013 - Colon Crypt cycle - Version 3",4,9,136,680,0.159,0.16,1,1,3,2,7,"ok"
"MM","BIOMD0000000518","Smallbone2013 - Colon Crypt cycle - Version 2",4,9,136,680,0.153,0.153,1,1,3,2,7,"ok"
"HARV","BIOMD0000000120","Chan2004_TCell_receptor_activation",4,10,136,612,0.174,0.173,1,0,0,0,2,"ok"
"HARV","BIOMD0000000775","Iarosz2015 - brain tumor",4,10,136,680,0.162,0.161,1,1,4,2,8,"ok"
"HARV","BIOMD0000001009","Zhang2007 - Mechanism of DNA damage response (Model2)",4,10,136,680,0.158,0.157,1,1,3,1,6,"ok"
"HARV","BIOMD0000000805","Al-Husari2013 - pH and lactate in tumor",4,11,136,680,0.158,0.158,1,1,1,1,4,"ok"
"HILL","BIOMD0000000058","Bindschadler2001_coupled_Ca_oscillators",4,11,136,680,0.159,0.158,1,1,21,5,28,"ok"
"MM","BIOMD0000000290","Alexander2010_Tcell_Regulation_Sys2",4,12,136,680,0.162,0.162,1,0,0,0,2,"ok"
"MM","BIOMD0000000456","Smallbone2013 - Metabolic Control Analysis - Example 3",4,12,136,544,0.126,0.126,1,1,2,2,6,"ok"
"HARV","BIOMD0000000928","Baker2017 - The role of cytokines, MMPs and fibronectin fragments osteoarthritis",4,13,136,680,0.164,0.164,1,1,1,0,3,"ok"
"HARV","BIOMD0000000327","Whitcomb2004_Bicarbonate_Pancreas",4,20,136,680,0.162,0.16,1,0,0,0,2,"ok"
"HARV","BIOMD0000000104","Klipp2002_MetabolicOptimization_linearPathway(n=2)",5,2,528,1452,0.514,0.513,1,1,4,1,7,"ok"
"HARV","BIOMD0000000194","Ibrahim2008_Cdc20_Sequestring_Template_Model",5,4,528,1419,0.517,0.517,1,0,0,0,2,"ok"
"HARV","BIOMD0000000125","Komarova2005_TheoreticalFramework_BasicArchitecture",5,7,528,2112,0.689,0.688,1,1,10,3,15,"ok"
"HILL","BIOMD0000000043","Borghans1997 - Calcium Oscillation - Model 1",5,7,528,1980,0.653,0.651,1,0,0,0,2,"ok"
"MM","BIOMD0000000231","Valero2006_Adenine_TernaryCycle",5,8,528,1944,0.634,0.622,1,0,0,0,2,"ok"
"HARV","BIOMD0000000719","Tsai2014 - Cell cycle duration control by oscillatory Dynamics  in Early Xenopus laevis Embryos",5,9,528,2640,0.873,0.794,1,0,0,0,2,"ok"
"HARV","BIOMD0000000121","Clancy2001_Kchannel",5,10,528,2442,0.743,0.74,1,0,0,0,2,"ok"
"MM","BIOMD0000000203","Chickarmane2006 - Stem cell switch reversible",5,10,528,3168,0.987,0.971,1,1,1,1,4,"ok"
"MM","BIOMD0000000204","Chickarmane2006 - Stem cell switch irreversible",5,10,528,3168,0.945,0.945,1,1,1,1,4,"ok"
"HILL","BIOMD0000000016","Goldbeter1995_CircClock",5,10,528,2772,0.829,0.827,1,1,1,0,3,"ok"
"HILL","BIOMD0000000295","Akman2008_Circadian_Clock_Model1",5,10,528,2640,0.788,0.788,1,1,1,0,3,"ok"
"HARV","BIOMD0000000791","Wilson2012 - tumor vaccine efficacy",5,11,528,3168,0.957,0.956,1,1,1,1,4,"ok"
"MM","BIOMD0000000197","Bartholome2007_MDCKII",5,11,528,2376,0.745,0.733,1,0,0,0,2,"ok"
"HARV","BIOMD0000000148","Komarova2003_BoneRemodeling",5,12,528,2112,0.699,0.699,1,1,1,1,4,"ok"
"HARV","BIOMD0000000828","Jung2019 - Regulating glioblastoma signaling pathways and anti-invasion therapy - core control model",5,12,528,3168,0.955,0.952,1,1,28,6,36,"ok"
"MM","BIOMD0000000325","Palini2011_Minimal_2_Feedback_Model",5,12,528,3168,1.024,0.951,1,0,0,0,2,"ok"
"HARV","BIOMD0000000817","Gevertz2018 - cancer treatment with oncolytic viruses and dendritic cell injections minimal model",5,13,528,3168,1.014,0.953,1,1,1,1,4,"ok"
"HILL","BIOMD0000000059","Fridlyand2003_Calcium_flux",5,16,528,2640,0.79,0.79,1,1,45,8,55,"ok"
"MM","BIOMD0000000023","Rohwer2001_Sucrose",5,22,528,3036,0.918,0.918,1,0,0,0,2,"ok"
"MM","BIOMD0000000305","Kolomeisky2003_MyosinV_Processivity",6,4,2080,6110,0.715,3.841,7,1,92,11,105,"ok"
"MM","BIOMD0000000624","Sluka2016 - Acetaminophen metabolism",6,5,2080,9880,0.905,5.037,7,1,42,8,52,"ok"
"MM","BIOMD0000000207","Romond1999_CellCycle",6,6,2080,6240,0.764,4.635,7,1,6,2,10,"ok"
"HARV","BIOMD0000000830","GiantsosAdams2013 - Growth of glycocalyx under static conditions",6,7,2080,10920,0.991,6.052,7,1,36,7,45,"ok"
"HARV","BIOMD0000000986","Aubry1995 - Multi-compartment model of fluid-phase endocytosis kinetics in Dictyostelium discoideum",6,8,2080,13520,1.272,7.474,7,1,120,14,136,"ok"
"HARV","BIOMD0000000864","Proctor2017- Role of microRNAs in osteoarthritis (Negative Feedback By MicroRNA)",6,9,2080,9360,0.957,5.757,7,0,0,0,2,"ok"
"HARV","BIOMD0000001015","Jarrah2014 - mathematical model of the immune response in muscle degeneration and subsequent regeneration in Duchenne muscular dystrophy in mdx mice",6,9,2080,13000,1.204,7.026,7,0,0,0,2,"ok"
"HILL","BIOMD0000000005","Tyson1991 - Cell Cycle 6 var",6,9,2080,11440,1.037,6.365,7,1,1,1,4,"ok"
"HARV","BIOMD0000001053","Garde2020 - metabolic oscillations in Bacillus subtilis biofilms",6,10,2080,13260,1.244,7.479,7,0,0,0,2,"ok"
"MM","BIOMD0000000116","McClean2007_CrossTalk",6,10,2080,14040,1.332,7.905,7,1,25,6,33,"ok"
"HARV","BIOMD0000001042","Makhlouf2020 - No treatment model of the role of CD4 T cells in tumor-immune interactions",6,12,2080,14560,1.387,7.963,7,1,2,2,6,"ok"
"HARV","BIOMD0000001072","Phillips2013 - physiologically based modeling explaining Mammalian rest/activity patterns",6,12,2080,14560,1.452,8.446,7,1,15,4,21,"ok"
"MM","BIOMD0000000209","Chickarmane2008 - Stem cell lineage determination",6,12,2080,14560,1.454,8.318,7,1,1,0,3,"ok"
"MM","BIOMD0000000213","Nijhout2004_Folate_Cycle",6,12,2080,12220,1.129,6.733,7,0,0,0,2,"ok"
"HILL","BIOMD0000000053","Ferreira2003_CML_generation2",6,12,2080,12870,1.305,7.508,7,1,1,1,4,"ok"
"HILL","BIOMD0000000242","Bai2003_G1phaseRegulation",6,12,2080,13520,1.481,7.911,7,0,0,0,2,"ok"
"HARV","BIOMD0000000101","Vilar2006_TGFbeta",6,13,2080,11700,1.213,6.844,7,0,0,0,2,"ok"
"MM","BIOMD0000000351","Vernoux2011_AuxinSignaling_AuxinSingleStepInput",6,14,2080,12480,1.268,7.584,7,0,0,0,2,"ok"
"MM","BIOMD0000000352","Vernoux2011_AuxinSignaling_AuxinFluctuating",6,14,2080,12480,1.288,7.673,7,0,0,0,2,"ok"
"HILL","BIOMD0000000240","Veening2008_DegU_Regulation",6,14,2080,14560,1.514,9.291,7,1,3,2,7,"ok"
"MM","BIOMD0000000208","Deineko2003_CellCycle",6,15,2080,14560,1.693,9.523,7,1,1,1,4,"ok"
"HARV","BIOMD0000000816","Gevertz2018 - Cancer Treatment with Oncolytic Viruses and Dendritic Cell injections original model",6,16,2080,14560,1.839,9.903,7,1,1,1,4,"ok"
"HILL","BIOMD0000000245","Lei2001_Yeast_Aerobic_Metabolism",6,16,2080,14560,1.743,9.857,7,1,1,1,4,"ok"
"HARV","BIOMD0000000806","Eftimie2019-Macrophages Plasticity",6,25,2080,14560,1.85,10.236,7,0,0,0,2,"ok"
"HARV","BIOMD0000000966","Cui2008 - in vitro transcriptional response of zinc homeostasis system in Escherichia coli",7,6,8256,29412,4.356,26.665,7,1,2,1,5,"ok"
"HARV","BIOMD0000000820","West2019 - Cellular interactions constrain tumor growth",7,7,8256,66048,8.501,50.308,7,1,8128,126,8256,"ok"
"HARV","BIOMD0000000077","Blum2000_LHsecretion_1",7,8,8256,31992,4.574,27.511,7,1,1,1,4,"ok"
"HARV","BIOMD0000000983","Zongo2020 - model of COVID-19 transmission dynamics under containment measures in France",7,10,8256,52632,5.974,37.107,7,0,0,0,2,"ok"
"MM","BIOMD0000000168","Obeyesekere1999_CellCycle",7,10,8256,49536,6.271,38.017,7,1,1,2,5,"ok"
"MM","BIOMD0000000248","Lai2007_O2_Transport_Metabolism",7,10,8256,31992,4.688,27.926,7,0,0,0,2,"ok"
"HARV","BIOMD0000001054","Pearce2021 - Fibrin Polymerization",7,11,8256,34434,4.516,27.627,7,0,0,0,2,"ok"
"MM","BIOMD0000000190","Rodriguez-Caso2006_Polyamine_Metabolism",7,11,8256,57402,6.813,42.277,7,0,0,0,2,"ok"
"MM","BIOMD0000000210","Chickarmane2008 - Stem cell lineage - NANOG GATA-6 switch",7,12,8256,57792,7.068,43.28,7,1,3,1,6,"ok"
"HARV","BIOMD0000000908","dePillis2013 - Mathematical modeling of regulatory T cell effects on renal cell carcinoma treatment",7,13,8256,66048,8.163,49.827,7,1,6,3,11,"ok"
"MM","BIOMD0000000196","Srividhya2006_CellCycle",7,13,8256,63984,8.158,48.594,7,1,2,2,6,"ok"
"MM","BIOMD0000000232","Nazaret2009_TCA_RC_ATP",7,13,8256,53664,6.402,40.415,7,0,0,0,2,"ok"
"MM","BIOMD0000000318","Yao2008_Rb_E2F_Switch",7,17,8256,66048,8.28,50.609,7,1,3,2,7,"ok"
"HARV","BIOMD0000000872","Verma2016 - HIV and HPV co-infection, T-cell response",7,18,8256,66048,8.243,50.593,7,1,0,1,3,"ok"
"HARV","BIOMD0000001006","Ciliberto2005 - Steady states and oscillations in the p53/Mdm2 network",7,21,8256,66048,8.62,51.561,7,1,1,1,4,"ok"
"HARV","BIOMD0000000918","Schwarz2018-Cdk Activity Threshold Determines Passage through the Restriction Point",8,7,32896,263168,40.572,243.771,7,1,6,2,10,"ok"
"MM","BIOMD0000000483","Cao2008 - Network of a toggle switch",8,8,32896,131584,23.762,148.256,7,1,1,0,3,"ok"
"HARV","BIOMD0000000193","Ibrahim2008_MCC_assembly_model_KDM",8,9,32896,130556,25.075,152.591,7,0,0,0,2,"ok"
"HARV","BIOMD0000000591","Boehm2014 - isoform-specific dimerization of pSTAT5A and pSTAT5B",8,9,32896,197376,34.572,203.736,7,0,0,0,2,"ok"
"HARV","BIOMD0000001103","Palaniappan2021 - Cell free modelling of second generation Toehold switches",8,10,32896,244664,39.823,235.407,7,1,8,4,14,"ok"
"HARV","BIOMD0000000862","Proctor2017- Role of microRNAs in osteoarthritis (Positive Feedback By Micro RNA)",8,11,32896,170648,33.737,201.105,7,0,0,0,2,"ok"
"HARV","BIOMD0000000960","Paiva2020 - SEIAHRD model of transmission dynamics of COVID-19",8,11,32896,257000,43.587,256.831,7,1,6,3,11,"ok"
"HARV","BIOMD0000000955","Giordano2020 - SIDARTHE model of COVID-19 spread in Italy",8,13,32896,249804,46.23,278.05,7,1,5,2,9,"ok"
"HARV","BIOMD0000000971","Tang2020 - Estimation of transmission risk of COVID-19 and impact of public health interventions",8,13,32896,250832,47.331,280.253,7,1,6,3,11,"ok"
"HARV","BIOMD0000000632","Kollarovic2016 - Cell fate decision at G1-S transition",8,14,32896,267280,44.801,281.502,7,1,72,14,88,"ok"
"MM","BIOMD0000000167","Mayya2005_STATmodule",8,14,32896,160368,28.316,183.666,7,0,0,0,2,"ok"
"HILL","BIOMD0000000301","Friedland2009_Ara_RTC3_counter",8,15,32896,296064,53.037,325.153,7,1,55,9,66,"ok"
"MM","BIOMD0000000084","Hornberg2005_ERKcascade",8,16,32896,164480,35.011,215.215,7,1,4,3,9,"ok"
"MM","BIOMD0000000502","Messiha2013 - Pentose phosphate pathway model",8,16,32896,250832,46.934,282.325,7,0,0,0,2,"ok"
"HILL","BIOMD0000000065","Yildirim2003_Lac_Operon",8,16,32896,296064,53.65,330.006,7,0,0,0,2,"ok"
"HARV","BIOMD0000000822","Dorvash2019 - Dynamic modeling of signal transduction by mTOR complexes in cancer",8,18,32896,215880,38.816,242.98,7,0,0,0,2,"ok"
"MM","BIOMD0000000495","Sen2013 - Phospholipid Synthesis in P.knowlesi",8,18,32896,287840,54.626,331.957,7,1,36,8,46,"ok"
"MM","BIOMD0000000221","Singh2006_TCA_Ecoli_acetate",8,22,32896,254944,61.087,362.797,7,0,0,0,2,"ok"
"MM","BIOMD0000000222","Singh2006_TCA_Ecoli_glucose",8,22,32896,254944,56.179,345.059,7,0,0,0,2,"ok"
"HILL","BIOMD0000000212","Curien2009_Aspartate_Metabolism",8,25,32896,250832,45.555,285.947,7,0,0,0,2,"ok"
"HARV","BIOMD0000000926","Rhodes2019 - Immune-Mediated theory of Metastasis",8,26,32896,296064,55.576,354.002,7,1,511,33,546,"ok"
"HARV","BIOMD0000000803","Park2019 - IL7 receptor signaling in T cells",9,8,131328,500688,145.379,930.352,7,1,1,0,3,"ok"
"HARV","BIOMD0000000844","Viertel2019 - A Computational model of the mammalian external tufted cell",9,10,131328,1313280,315.436,2003.141,7,1,130816,510,131328,"ok"
"MM","BIOMD0000000423","Nyman2012_InsulinSignalling",9,11,131328,919296,252.005,1601.664,7,0,0,0,2,"ok"
"HARV","BIOMD0000000584","Mandlik2015 - Tristable genetic circuit of Leishmania",9,14,131328,1017792,278.349,1772.299,7,1,8128,126,8256,"ok"
"HARV","BIOMD0000000981","Wan2020 - risk estimation and prediction of the transmission of COVID-19 in maninland China excluding Hubei province",9,15,131328,1091664,272.107,1719.306,7,1,10,4,16,"ok"
"MM","BIOMD0000000320","Grange2001 - PK interaction of L-dopa and benserazide",9,16,131328,1116288,279.029,1785.974,7,1,378,26,406,"ok"
"MM","BIOMD0000000249","Restif2006 - Whooping cough",9,20,131328,1181952,311.826,1955.768,7,0,0,0,2,"ok"
"HILL","BIOMD0000000620","Palmer2014 - Effect of IL-1β-Blocking therapies in T2DM - Disease Condition",9,20,131328,1313280,325.503,2081.001,7,1,291,28,321,"ok"
"HILL","BIOMD0000000621","Palmer2014 - Effect of IL-1β-Blocking therapies in T2DM - Healthy Condition",9,20,131328,1313280,331.428,2118.85,7,1,291,28,321,"ok"
"HARV","BIOMD0000000126","Clancy2002_CardiacSodiumChannel_WT",9,22,131328,1058832,256.258,1644.698,7,0,0,0,2,"ok"
"HARV","BIOMD0000000696","Boada2016 - Incoherent type 1 feed-forward loop (I1-FFL)",9,23,131328,1313280,351.731,2188.807,7,1,153,16,171,"ok"
"MM","BIOMD0000000107","Novak1993 - Cell cycle M-phase control",9,23,131328,1313280,336.547,2121.305,7,1,91,12,105,"ok"
"MM","BIOMD0000000218","Singh2006_TCA_mtu_model2",9,28,131328,1095768,305.966,1924.622,7,0,0,0,2,"ok"
"MM","BIOMD0000000219","Singh2006_TCA_mtu_model1",9,30,131328,1128600,294.943,1848.654,7,0,0,0,2,"ok"
"BM","BIOMD0000000622","NguyenLK2011 - Ubiquitination dynamics in Ring1B/Bmi1 system",10,19,524800,4395200,1332.59,8511.761,7,1,1,1,4,"ok"
